{"cameraMode":{"drawMode":0,"name":"Shaded","section":"Shading Mode"},"sceneLighting":true,"audioPlay":false,"sceneViewState":{"showFog":true,"showMaterialUpdate":true,"showSkybox":true,"showFlares":true,"showImageEffects":true,"showParticleSystems":true,"showVisualEffectGraphs":true},"in2DMode":false,"pivot":{"x":-180.71197509765626,"y":881.23095703125,"z":10.5238037109375},"rotation":{"x":-0.016241660341620446,"y":-0.17221257090568543,"z":0.002896717516705394,"w":-0.9849644303321838},"size":1472.8511962890625,"orthographic":false}